﻿<parameters>
  <parameter name="IIS Web Application Name" defaultValue="Default Web Site/CashFlowManager.App_deploy" tags="IisApp">
    <parameterEntry kind="ProviderPath" scope="AppHostConfig" match="^CashFlowManager\.App/CashFlowManager$" />
    <parameterEntry kind="ProviderPath" scope="contentPath" match="^C:\\Users\\Brett\.jacobsen\\Documents\\Visual\ Studio\ 2012\\Projects\\CashFlowManagerGitHub\\CashFlowManager\\obj\\Debug\\Package\\PackageTmp$" />
    <parameterEntry kind="ProviderPath" scope="setAcl" match="^C:\\Users\\Brett\.jacobsen\\Documents\\Visual\ Studio\ 2012\\Projects\\CashFlowManagerGitHub\\CashFlowManager\\obj\\Debug\\Package\\PackageTmp$" />
  </parameter>
  <parameter name="IIS Web Application Pool Name" defaultValue="ASP.NET v4.0">
    <parameterEntry kind="DeploymentObjectAttribute" scope="application" match="application[@applicationPool='Clr4IntegratedAppPool']/@applicationPool" />
  </parameter>
  <parameter name="IisVirtualDirectoryPhysicalPath" defaultValue="C:\Users\Brett.jacobsen\Documents\Visual Studio 2012\Projects\CashFlowManagerGitHub\CashFlowManager_deploy" tags="PhysicalPath">
    <parameterEntry kind="DestinationVirtualDirectory" scope=".*" match="^C:\\Users\\Brett\.jacobsen\\Documents\\Visual\ Studio\ 2012\\Projects\\CashFlowManagerGitHub\\CashFlowManager$" />
  </parameter>
  <parameter name="Add write permission to App_Data Folder" description="Add write permission to App_Data folder" defaultValue="{IIS Web Application Name}/App_Data" tags="Hidden">
    <parameterEntry kind="ProviderPath" scope="setAcl" match="^C:\\Users\\Brett\.jacobsen\\Documents\\Visual\ Studio\ 2012\\Projects\\CashFlowManagerGitHub\\CashFlowManager\\obj\\Debug\\Package\\PackageTmp\\App_Data$" />
  </parameter>
  <parameter name="CashFlowManagerEntities-Web.config Connection String" description="CashFlowManagerEntities Connection String used in web.config by the application to access the database." defaultValue="metadata=res://*/CashFlowManager.csdl|res://*/CashFlowManager.ssdl|res://*/CashFlowManager.msl;provider=System.Data.SqlClient;provider connection string=&quot;data source=DEV-D010060;initial catalog=CashFlowManager;integrated security=True;MultipleActiveResultSets=True;App=EntityFramework&quot;" tags="SqlConnectionString">
    <parameterEntry kind="XmlFile" scope="C:\\Users\\Brett\.jacobsen\\Documents\\Visual\ Studio\ 2012\\Projects\\CashFlowManagerGitHub\\CashFlowManager\\obj\\Debug\\Package\\PackageTmp\\Web\.config$" match="/configuration/connectionStrings/add[@name='CashFlowManagerEntities']/@connectionString" />
  </parameter>
  <parameter name="SimpleMembership-Web.config Connection String" description="SimpleMembership Connection String used in web.config by the application to access the database." defaultValue="Integrated Security=SSPI;Persist Security Info=False;Initial Catalog=CashFlowManager;Data Source=localhost" tags="SqlConnectionString">
    <parameterEntry kind="XmlFile" scope="C:\\Users\\Brett\.jacobsen\\Documents\\Visual\ Studio\ 2012\\Projects\\CashFlowManagerGitHub\\CashFlowManager\\obj\\Debug\\Package\\PackageTmp\\Web\.config$" match="/configuration/connectionStrings/add[@name='SimpleMembership']/@connectionString" />
  </parameter>
</parameters>